Replicate,Genotype,Condition,Zone,Temperature (Â°C),Time of sampling (d),Disease Presence,Bacterial load (CFU/g),Sequencing validation,Collected fresh weight (g),tag001,tag002,tag003,tag004,tag005,tag006,tag007,tag008,tag009,tag010,tag011,tag012,tag013,tag014,tag015,tag016,tag017,tag018,tag019,tag020,tag021,tag022,tag023,tag024,tag025,tag026,tag027,tag028,tag029,tag030,tag031,tag032,tag033,tag034,tag035,tag036,tag037,tag038,tag039,tag040,tag041,tag042,tag043,tag044,tag045,tag046,tag047,tag048,tag049,tag050,tag051,tag052,tag053,tag054,tag055,tag056,tag057,tag058,tag059,tag060,tag061,tag062,tag063,tag064,tag065,tag066,tag067,tag068,tag069,tag070,tag071,tag072,tag073,tag074,tag075,tag076,tag077,tag078,tag079,tag080,tag081,tag082,tag083,tag084,tag085,tag086,tag087,tag088,tag089,tag090,tag091,tag092,tag093,tag094,tag095,tag096,tag097,tag098,tag099,tag100,tag101,tag102,tag103,tag104,tag105,tag106,tag107,tag108,tag109,tag110,tag111,tag112,tag113,tag114,tag115,tag116,tag117,tag118,tag119,tag120
A,M,Cut,Root,27,4,1,8750000,1,0.2,279,946,50,400,77,944,0,156,50,47,2792,158,32,51,73,328,72,59,269,193,89,126,1225,164,91,129,1225,117,120,1710,123,59,457,54,117,115,2278,97,72,97,130,146,761,196,135,134,139,108,1092,219,67,327,864,141,123,1049,104,719,140,119,266,1426,136,1263,1675,128,2146,615,436,115,221,172,90,188,155,184,153,175,548,89,960,2031,90,85,625,207,63,77,1142,796,61,68,82,61,751,35,69,145,950,61,137,142,126,67,384,134,391,680,116,771,102,2729,189,3318,2550,80,2215,93,1806,794
A,M,Cut,Root,27,4,1,15528846.1538462,1,0.26,3,2,0,1,2,5,0,1,0,2,3,1,0,1,2,13,1108,0,1,5,19106,2,5,3,2,8,2,3,90,2,10,1,3,2,2,5,7,1,4,6,128,3,620,0,3,1,2,2,6,3,2,8,1,68,0,6,4,3,1294,425,2,1,6,6,12,12,6,1245,6,1,5,35,2,696,8,2,5,1,3,1,3,5,1,4,1,1,1,2,4,1,3,3,2,11,4,803,302,0,9,2,44,5483,156,1,12,4,2,6,1,13,36,6,1,4,4,5,0,3,2,3
A,M,Cut,Root,27,4,1,13205128.2051282,1,0.39,9,27,18,16,30,20,0,61,16,3,61,11,16,20,37,46,150,16,121,25,40,16,4161,11,32,25,623,15,35,11,10,10,10,7,4522,49,13,14,8,18,31,10,33,282,28,33,33,7,26,28,10,19,18,369,32,23,33,40,30,19,30,22,1605,10323,38,8,424,65,22,50,2088,34,23,25,22,28,30,29,389,22,15,31,276,12,41,21,9,24,84,38,7,33,11,117,7,5,13,13,27,9,17,42,39,19,27,10,43,19,246,333,18,20,29,6176,24,117,109,18,15,12
A,M,Cut,Root,27,4,1,23703703.7037037,1,0.27,54,76,60,75,334,189,0,73,546,79,50,109,123,112,188,417,153,88,210,154,98,52,242,67,235,109,77,237,182,94,263,58,58,57,166,1236,265,97,403,216,199,80,433,135,224,239,164,102,621,244,6374,221,362,273,91,47,378,161,106,133,264,192,241,107,8316,133,265,278,225,144,343,567,120,179,126,206,163,154,1009,107,139,194,138,108,221,88,53,373,97,103,248,69,119,93,61,89,59,139,161,139,304,151,288,154,135,116,171,287,244,168,64,165,186,116,141,114,541,244,229,137
A,M,Cut,Root,27,4,1,10250000,1,0.2,121,224,221,205,207,311,0,219,239,160,243,185,229,209,288,1171,262,172,394,328,378,147,437,182,426,343,208,398,296,282,361,178,261,113,310,296,259,206,291,329,344,232,288,339,405,305,308,207,395,448,170,380,296,373,230,229,391,482,376,465,488,439,478,439,406,177,551,476,545,357,296,424,358,416,294,496,522,279,427,372,359,374,256,319,343,290,143,282,338,356,262,285,238,282,198,127,191,199,344,213,286,419,364,173,372,257,192,452,298,463,295,330,511,455,342,339,535,210,330,360
A,M,Cut,Root,27,4,1,23522727.2727273,1,0.22,89,212,76,162,146,442,0,244,74,110,145,136,127,274,131,890,209,127,465,331,140,87,310,81,449,246,202,340,159,232,143,145,228,48,191,147,186,153,416,113,233,144,184,229,201,501,151,221,216,429,120,218,236,165,126,234,272,380,225,317,432,235,186,224,313,597,475,443,569,216,219,431,177,243,136,308,256,194,244,159,250,187,164,222,800,196,110,180,182,645,92,196,114,150,107,134,103,130,177,107,218,438,349,206,288,223,122,494,161,275,114,164,246,219,333,256,393,295,220,123
A,M,Cut,Root,27,4,1,20454545.4545455,1,0.22,114,165,46,207,119,171,0,169,186,9,323,35,69,62,59,734,156,11,142,322,681,40,75,71,594,598,23,504,201,174,583,177,17,15,134,25,337,31,214,370,80,110,42,398,623,286,722,54,143,139,32,186,64,39,68,367,401,133,199,644,55,278,502,104,195,674,539,644,249,185,178,240,52,36,326,47,222,295,112,29,124,238,300,109,186,23,55,62,380,27,213,123,124,58,30,109,45,129,59,173,559,297,31,79,203,131,107,388,319,833,155,145,40,44,32,150,55,125,518,100
A,M,Cut,Root,27,4,1,18541666.6666667,1,0.24,193,147,217,188,152,236,0,229,189,138,295,174,151,242,280,937,241,172,490,313,309,176,385,190,306,313,225,497,255,497,293,242,191,93,336,351,346,263,315,296,259,274,393,340,396,356,239,216,434,385,302,477,383,397,253,275,339,5616,358,377,959,772,436,476,632,530,435,354,553,476,355,456,322,629,375,560,462,445,354,343,283,445,242,316,299,351,246,491,311,364,203,287,250,482,196,132,196,309,377,1225,246,438,343,191,371,293,256,542,342,372,270,269,352,400,349,280,629,213,459,432
A,M,Intact,Root,27,6,0,28958333.3333333,1,0.24,1,1,0,1,2,0,0,0,0,523,1,2,1,0,183,1179,2,0,4,1,3,0,3,1,1,1190,1,0,4,287,1,0,0,79,147,1,6,264,1,3,833,2,2,205,1029,5,0,63,1,152,4,5,705,0,298,1,87,585,1,917,0,1,272,0,327,0,1036,491,1548,977,170,125,2,803,828,751,1,0,1514,0,1,2,711,2,618,0,282,2,1,2868,0,171,3,1,2,1,2,756,731,0,2,136,1,0,6,244,273,6,5,6,1,3,369,447,0,3,97,3,0,3
A,M,Intact,Root,27,6,1,614886731.391586,1,0.3,149,20,32,149,130,383,0,51,10,131,222,38,541,851,12,854,333,205,85,452,296,42,620,34,292,525,92,385,496,256,331,18,181,70,472,218,490,233,481,929,469,301,76,328,818,334,214,97,278,377,20,277,228,102,95,358,28,242,395,636,264,141,543,325,555,786,712,376,219,536,10398,296,348,90,275,964,66,509,146,52,420,146,28,197,48,34,48,62,650,692,536,197,151,427,183,29,30,54,625,149,138,385,43,21,282,74,22,961,41,274,149,399,196,244,898,142,1018,153,209,346
A,M,Intact,Root,27,6,0,6400000,1,0.25,5,1,2,1,1,1,0,1,1,1,1,1,4,3,1,4,2,0,1,5,4,1,4,0,1,27025,0,1,2,1,2,637,3,0,4,2,3,3,3,1,13,2,2,4,4,1,5,2,6,4,1,3,2,2,3,1,0,5,3,7,0,0,4,3,4,4,4,1,4,3,4,2,2,0,3,3,0,4,1,2,3,7,0,4,1,0,1,1,2,3,3,1,1,1,4,0,1,1,1,0,4,6,3,1,4,0,0,7,1,4,1,3,0,7,8,1,4,2,1,0
A,M,Intact,Root,27,6,0,5645.16129032258,1,0.31,56,49,2,22,3,65,0,365,236,36,43,3,28,94,1,167,83,138,31,197,286,62,223,638,398,662,46,199,76,3,114,75,68,1528,231,21,73,58,153,153,384,227,744,87,142,362,160,92,1120,169,23,104,582,42,5,267,18,29,178,187,20,16,111,34,104,860,270,934,176,139,926,47,129,126,56,175,50,108,46,38,156,94,60,38,28,94,0,34,140,497,335,92,121,673,185,1,13,20,246,82,59,279,65,44,104,120,74,219,5,1081,62,123,83,95,184,76,132,179,96,129
A,M,Intact,Root,27,6,1,1210714285.71429,1,0.35,3,2,2,1,2,0,0,0,2,2,2,2,4224,1,32,14,4,1,2,16,9,2,2,1,2,7,3,4,6740,145,5,3,1,1,3,2,1,0,0,2,50,1,1,0,3,1,1,5760,1,3,4,23037,2,0,3,1,1,3,1,28,0,3,3,9,7,1,6,4,3,0,6,1,17,4,1,1,1,1,585,4,1,19,2,3,2,1,0,0,2,0,3,0,1,0,4,1,1,3,5,4,2,15,23,1,6,0,1,4,2,2,1,3185,0,2,3,0,0,0,4,0
A,M,Intact,Root,27,6,0,13636363.6363636,1,0.22,2,6,0,2,2,3,0,2,12,1,1,1,14,1,1,1145,0,0,3196,652,13,1,6,0,3,192,0,4,1891,2,3,3,1,116,4,1,1,749,3,2,1377,1,1750,1,3,5,39,31,3251,2489,0,66,0,1,2,2,3,780,4,4479,1,2,2,11,5,3,3,1646,9,2,957,3,1,2,2562,4,5,385,4,2,2,8,257,5,1,2,1,5,316,1,1,3180,0,12,919,1,2341,4,3,2,1,8,4,1,4,2,59,3,0,43,0,21,4,4,2393,2,0,1,0,1278
A,M,Intact,Root,27,6,1,650485436.893204,1,0.25,5,3,0,0,39,5,0,0,0,3,1,2,4,2,159,7,0,2,1029,1,10,2,11,0,3,228,4,119,3,1,4,1,78,240,11,2,1,0,3,2,13,2,3,4,6,1,8,6,2,2,2,12,2,1,10,0,0,5,8,3768,5,5,3,7,28643,4,7,7,8,2,7,3,3,2,6,3,0,1,6,2,3,604,48,2,5,1,1,3,4,1,1,4,1,1,18,2,249,1,5,1,3,17,2,0,10,0,2,11,1,13,1,109,1,38,5939,1,8,0,1,6
B,M,Cut,Root,27,3,1,110479797.979798,1,0.22,60,35,194,83,3,39,0,106,190,31,60,8,3,75,171,629,1832,416,258,30,188,108,55,49,187,103,279,252,508,11,31,7,36,27,260,118,36,43,91,106,29,37,44,101,78,86,11,61,31,162,28,11,14,134,137,18,40,406,6050,80,73,4,800,667,1094,52,1588,124,168,37,55,28,155,25,2780,95,90,221,687,625,119,36,55,47,47,35,33,1366,40,91,12,23,102,17,4,19,110,398,3593,162,0,44,5,31,131,51,140,115,9,92,3,897,29,222,12,30,228,13,886,31
B,M,Cut,Root,27,3,0,109649122.807018,1,0.19,11,22,12,882,19,1664,0,24,15,3,18,30,15,19,5,107,24,4,32,21,67,21,2889,8,22,114,33,49,10,242,41,11,358,371,26,45,550,1054,27,7,31,30,15,55,26,14,138,4,339,32,40,111,9,8,16,27,16,415,265,84,218,151,30,226,77,28,932,62,47,19,19,2305,16,44,32,18,166,23,50,74,34,21,27,51,28,454,148,13,108,11,111,18,49,31,17,7,285,12,21,43,22,6485,295,216,23,42,2,42,276,4,44,9,93,20,595,15,1395,2050,21,28
B,M,Cut,Root,27,3,0,2500000,1,0.3,36,85,495,161,63,132,0,309,75,50,200,117,61,77,139,880,356,31,834,97,87,83,165,63,260,267,56,86,162,268,114,46,32,44,158,213,51,65,206,114,49,101,75,155,100,131,220,55,118,286,87,339,275,349,1999,105,254,94,154,243,107,121,176,162,100,196,162,337,100,609,108,81,123,72,264,185,43,52,291,393,64,123,222,85,130,59,46,58,170,54,122,85,315,320,84,33,421,86,115,93,84,95,148,67,315,120,133,109,125,404,66,56,121,573,56,43,57,53,173,72
B,M,Cut,Root,27,3,1,212418300.653595,1,0.17,121,2127,1594,61,35,68,0,28,111,32,68,609,128,82,38,304,47,94,1204,77,241,42,570,41,153,267,70,207,92,162,95,38,41,27,174,723,63,54,55,102,348,77,195,69,174,105,48,56,249,64,51,302,119,83,100,62,44,80,115,306,677,85,2106,1007,391,82,289,259,249,60,260,176,66,169,791,112,54,74,115,42,67,188,85,95,51,43,22,111,64,206,52,53,60,104,67,16,39,92,204,381,128,314,1810,31,196,57,33,1062,68,252,39,79,77,124,150,161,115,58,74,68
B,M,Cut,Root,27,3,1,241792929.292929,1,0.22,76,163,158,102,272,279,0,79,320,114,131,366,319,131,509,796,226,101,305,311,129,111,482,87,300,150,143,320,455,156,166,258,177,37,346,368,258,170,355,250,315,191,350,247,389,386,414,265,146,325,148,308,141,144,158,195,413,293,288,221,273,270,178,372,267,234,365,587,418,343,294,491,210,224,136,449,191,223,222,324,300,383,133,296,258,85,105,113,265,230,74,156,173,136,116,67,139,118,209,118,237,201,3078,225,229,154,53,220,78,203,80,207,488,148,367,226,245,109,154,182
B,M,Cut,Root,27,3,0,16029411.7647059,1,0.17,5248,2,3,3,4,3,0,1,3,3,6,6,5,4,7,27,3,2,842,5,11005,48,7,2,5,14,6,7,5,2,3987,3,3,5,10245,4,3,7,8,5,2144,10,12,10,11,10,5,7,7,5,2,14,2,5,11,6,1828,11,16,16,8,8,6,14,18,979,6,16,10,3,6,10,8,4,12,10,3,5,2011,7,334,22,3,7,6,1,3,5,7,7,0,4,4,11,0,0,5,3,9,2,8,18,13,5,15,4,2,10,5,16,5,8,5,4,7,5,7,2,6,8
B,M,Cut,Root,27,3,1,115384615.384615,1,0.26,48,358,52,193,112,115,0,241,82,54,163,152,307,241,126,696,195,102,410,395,115,98,276,177,253,226,51,316,210,204,245,57,155,27,173,291,165,92,129,105,172,120,149,195,154,68,179,212,151,255,84,52,104,192,58,134,187,265,119,206,270,477,71,170,216,179,545,237,147,227,124,229,158,243,233,233,276,176,632,128,84,186,157,108,52,97,107,76,344,112,67,183,178,129,96,50,96,184,198,192,135,321,194,452,148,174,124,243,66,231,40,90,148,795,178,499,458,280,119,171
B,M,Cut,Root,27,3,1,263888888.888889,1,0.2,49,123,81,81,89,173,0,38,131,65,74,40,50,66,126,305,132,31,79,82,70,44,83,55,59,81,76,54,138,93,55,32,44,26,90,95,48,61,106,89,72,66,94,89,201,72,122,43,64,93,33,101,32,91,62,44,58,80,91,26672,34,113,69,72,136,101,95,97,99,46,58,175,80,55,102,163,97,74,125,102,46,120,47,112,59,70,43,138,77,98,64,77,55,26,38,24,32,35,114,27,83,275,83,38,38,67,42,147,45,73,60,66,107,76,83,53,176,57,52,158
A,H,Cut,Root,27,10,1,1242857.14285714,1,0.35,247,17,7,3,4,142,0,22,98,3,29,54,201,2,82,34,10,31,143,62,22,29,29,51,26,20,170,6,24,105,8,88,65,40,26,123,51,33,11,69,26,54,58,226,214,45,82,172,109,70,22,99,62,46,218,37,34,16,79,20,106,23,81,152,723,40,82,13,2181,53,15,127,144,178,1794,386,145,190,36,118,13,16231,13,384,142,126,79,56,82,9,104,87,143,113,307,33,92,66,560,180,330,800,242,143,241,182,33,20,116,53,8,11,8,249,195,50,1268,430,78,284
A,H,Cut,Root,27,10,0,5490956.07235142,1,0.43,15,21,57,45,23,19,0,44,35,10,129,23,59,41,28,96,470,27,53,30,119,25,42,27,32,52,20,49,18,28,39,27,18,3,58,73,74,35,36,42,42,33,66,48,36,40,25,12,186,64,19,49,39,76,22,39,37,57,41,93,56,35,64,81,623,26,50,60,67,76,51,110,23,61,25,64,40,21,65,38,85,46,30,15705,93,209,25,113,35,37,150,212,35,24,16,10,19,54,53,26,25,62,598,19,38,38,17,105,34,84,58,36,69,49,33,45,99,24,48,71
A,H,Cut,Root,27,10,0,6586389.34501004,1,0.45,201,64,190,542,89,125,0,1072,127,367,121,1083,77,100,63,3440,414,133,152,115,129,678,960,56,99,6134,228,269,127,86,110,68,118,124,550,904,124,113,77,2419,129,82,207,94,83,909,94,51,588,1226,61,272,131,232,640,1411,159,233,155,130,544,165,392,833,171,182,318,2201,1720,122,252,88,580,160,152,475,617,239,153,708,1369,122,274,115,1060,744,462,89,392,272,294,543,101,109,50,33,62,99,543,72,1502,225,144,56,129,210,346,204,723,1411,123,2167,213,134,258,80,290,1576,242,373
A,H,Cut,Root,27,10,0,12041598.2484948,1,0.45,4,10,21,1177,17,28,0,7,17,12,16,8,12,24,7,94,9,9,45,11,35,10,27,19,24,30,34,26,13,17,37,17,9,11,30,27,15,13,23,39,228,13,27,32,8195,18,31,16,33,39,11,35,30,11,1947,11,25,35,35,42,68,20,29,25,56,35,33,39,25,23,34,28,20,18,22,26,36,18,28,13,27,28,31,20,29,19,7,49,18,32,26,15,20,14,20,8,11,23,38,18,21,87,24,10,21,11,13,3602,11,45,7,11,34,34,24,18,32,16,16,12
A,H,Cut,Root,27,10,0,4201680.67226891,1,0.51,108,101,45,160,8533,174,0,84,88,76,123,148,134,55,77,433,121,226,306,119,572,96,260,63,3442,544,75,220,199,119,157,102,76,51,333,349,175,2111,244,199,426,241,148,130,285,111,134,106,272,365,76,715,6705,95,228,603,172,145,209,550,183,306,385,579,526,223,8262,246,416,98,202,175,120,370,218,198,125,291,168,456,90,461,277,672,111,89,44,138,234,503,142,1416,60,78,166,50,100,110,205,105,1652,567,109,84,433,173,130,24541,126,231,91,177,144,1530,186,126,197,3217,119,165
A,H,Cut,Root,27,10,0,24854455.8889386,1,0.33,78,114,157,187,194,313,0,126,120,149,190,590,129,722,148,1594,173,65,278,218,396,98,544,92,192,628,103,294,193,249,375,55,87,67,453,285,114,77,842,212,476,140,557,233,311,264,282,89,200,361,102,536,254,315,213,173,412,279,574,470,456,198,255,562,654,670,471,415,673,194,199,313,192,231,381,219,339,234,237,258,195,423,222,252,197,320,144,309,253,713,110,143,116,285,258,110,55,110,155,206,137,2121,249,192,501,237,130,527,135,453,170,307,282,349,367,434,505,425,140,9842
A,H,Cut,Root,27,10,1,177678571.428571,1,0.28,7,5,2,2,1,1,0,7,1,1,0,2,7,2,1,23,5,40,13,1,854,1,135,3,1949,7,1528,2,91,3,2,0,376,124,4654,10,168,79,7,1478,139,2,7,4,8,120,839,1573,26,20,5,835,7,9,227,54,0,3,504,30,51,4,1319,1966,903,44,25,168,10328,173,1316,57,52,6,2257,5,9,14,10,5,103,11,10,8,4,1,9,45,5,8,21,4,443,902,10,12,5,69,2278,2,12,18,444,2,13,73,4,13,243,10,9,3,3,78,255,1,43,8,429,5
B,M,Intact,Root,27,6,1,345833.333333333,1,0.24,3,1,0,1,1,2,0,1,0,0,0,1,1,0,1,0,2,1,2,2,7,0,1,0,2,10,0,1,5,3,4,0,3,1,7,3,1,0,0,1,10,0,1,1,3,4,1,1,4,3,4,10,2,0,3,0,1,2,7,12,2,241,3,6,6,2,4,1,6,4,2,0,4,1,3,0,1,1,1,1,1,4,0,2,0,1,1,2,0,0,1,4,0,1,5,1,1,1,7,0,4,7,2,1,39861,3,0,5,0,3,2,5,1,4,3,2,4,4,1,2
B,M,Intact,Root,27,6,1,17894736.8421053,1,0.19,77,3,0,98,0,138,0,3,0,473,1168,55,2,0,1,3876,6,6,5,3,534,61,2,0,140,335,90,1138,2,135,4,0,38,49,4248,416,576,29,1,878,19,2,553,39,5,5,199,1,1360,5,39,26,7,441,5,5,1,6,6,189,252,743,4,634,7,1,33,769,3525,6,3,1019,120,22,5,2260,716,3,66,1214,376,7,8,11,121,2,457,11,30,14,2,10,2,21,3,1,96,2,945,999,43,301,1,1,41,7,9,10,1,27,359,9,2,7,8,2,7,3,45,8
B,M,Intact,Root,27,6,1,16964285.7142857,1,0.28,3,22,9,23,6,2,0,271,1,1,63,2574,283,1,0,1067,47,0,4,21,11,204,308,330,33,56,307,4,6,1177,22,30,10,113,28,860,1,17,86,86,23,972,118,1,97,621,143,54,4,29,527,598,585,827,768,10,25,2,82,405,1250,190,434,67,40,192,177,16,112,2,2704,488,12,43,74,33,5,14,346,35,8,2700,1,4,59,272,0,1069,3,3,182,35,106,2,4,37,476,11,95,10,29,2521,26,14,70,2,231,1317,2,389,1,84,1718,6,5,2686,0,842,3,279
B,M,Intact,Root,27,6,1,16465517.2413793,1,0.29,2,0,1,1,1,0,0,0,0,0,1,0,1,1,2,4,0,1,4,0,230,0,4,1,1,6,4,2,4,2,440,2,0,0,716,0,2,2,1,0,1822,1,4,11,6,0,1,0,3,3,0,10912,2,0,4,0,3,1,0,6,246,0,525,6,7,1,4696,381,4,1,1,3,4,3,3,1,584,2,1,0,1,3,2,2,85,0,1,388,3,1,2,0,1,0,1,0,3,1,3,0,2,1569,6,1,10,0,2,5,1,2,1,0,1,112,4,3,4,2,0,0
B,M,Intact,Root,27,6,1,199137.931034483,1,0.29,14,2034,6,9,7,6,0,3,0,3337,4,9,760,1,1,35,2899,4,615,2644,7939,3,12,6,7,44,4,6762,16,10,13,481,1208,6,29,5958,821,3,5,11,66,5,2329,3,19,6,9,12,10,2516,5,51,10,8,18,8,84,6,16,49,11,1763,11,2053,50,9,26,17,33,5,14,13,8,16,26,6,5,7,13,5,6,25,2,13,14,5,526,11,4,13,1954,10,5,3,10,865,6,2205,18,8,2472,4851,15,1,41,6,3,27,7,10,5,9,4,16,15,8,11,9,8,11
B,M,Intact,Root,27,6,1,5694444.44444445,1,0.18,82,105,74,37,39,44,0,172,40,131,31,42,50,128,49,1245,43,103,484,49,429,164,242,39,243,246,214,145,72,76,221,78,25,31,128,110,171,24,25,958,197,80,247,289,130,125,520,51,258,110,45,696,284,177,118,27,34,57,206,756,97,107,125,196,357,1376,601,289,328,40,124,49,123,280,251,113,92,90,130,63,103,265,113,133,95,83,18,45,34,295,62,260,45,27,98,36,35,107,68,25,28,2661,156,230,182,103,134,101,41,860,85,42,141,339,123,35,264,41,96,306
B,M,Intact,Root,27,6,1,967741.935483871,1,0.31,4,1,1,1,5,2,0,5,2,7,2,2,1,3,1,23,6,1,11,1,11,1584,8,4,5,8,5,6,2,0,12,18,3,2,8,8,3,0,1,15,36025,4,6,4,6,2,7,1,4,6,2,13,3,4,6,0,4,1,5,32,3,2,9,8,14,14,8,38,19,0,4,4,3,10,7,4,3,3,3,2,3,18,2,3,4,3,1,4,3,9,4,8,2,0,11950,3,2,1,3,2,4,26,7,5,12,5,0,7,3,27,4,4,2797,11,7,4,9,2,1,6
C,M,Cut,Root,27,4,0,634782.608695652,1,0.23,16,44,39,38,57,79,0,1316,58,25,73,44,50,39,46,303,69,24,96,213,90,34,126,24,48,113,16,133,65,72,107,155,73,13,58,63,1293,30,52,72,69,48,95,121,88,111,133,81,235,104,31,60,42,11292,82,34,136,319,74,154,185,278,73,2125,891,25,125,119,174,90,3213,84,80,99,82,134,8902,56,86,108,82,115,70,56,89,73,9,88,114,86,39,70,75,47,29,6,70,37,73,28,53,117,111,26,269,51,20,166,73,120,70,51,83,104,61,77,165,83,128,83
C,M,Cut,Root,27,4,1,25312500,1,0.32,2742,6,6,30,12,10,0,0,148,408,11,219,6,55,529,68,31,579,101,4274,101,82,175,3,184,155,10,188,5,24,6,78,1,5,765,51,85,28,49,75,245,80,158,177,14,4,38,12,1,7,6,2,2790,1805,46,7,369,28,23,6,21,145,93,21,34,152,75,404,204,182,50,233,19,4380,39,140,66,4,9,24,0,111,151,57,89,52,14,110,4,34,18,22,8,9,6,40,87,5030,60,2869,44,165,71,13,31,405,3,38,114,538,107,5,34,33,114,212,419,2,1469,96
C,M,Cut,Root,27,4,1,334782.608695652,1,0.23,0,2,0,0,3,1,0,80,0,4,28,24,0,2,0,5,0,0,2,7581,7,1,3,187,20,335,446,571,134,0,258,263,0,1,37,4,0,233,1,0,9,15,519,1,13,409,3,4,2,3,326,3,975,3,148,5,3,27,63,3,216,420,3,2,5,2,2,0,24964,337,3,394,0,2,312,114,41,68,4,5,2,2,91,174,0,58,2,2,558,286,1,145,1,1,2,219,2,2,2,217,2,138,267,2,9,129,3,4,23,7,4,19,28,5,2,1,1,2,753,2
C,M,Cut,Root,27,4,1,23706896.5517241,1,0.29,0,25,0,2,2,0,0,5988,15,0,6,1,15,13,1,3,83,4,3,94,39,1,5,18,6,3,9,9,5,11,8,1,6,1,3,23,5,8,6,3,22,34,20,4,4,0,3,3,0,3,4,17,3,6,29,1,1719,2,7,18,7,28,5,4,1,14,43,9,33,2,17,3,0,22,33,35,2,4,6,3,65,1,4,1,5,5,0,1,3,3,52,5,5,4,6,28,2,2,3,1,3,27,4,12,30,11317,10,4,73,3,3,5,0,13163,50,82,35,2,24,1
C,M,Cut,Root,27,4,0,2426470.58823529,1,0.34,45,32,16,66,42,176,0,8,39,25,111,57,58,63,55,160,117,239,191,379,943,141,1035,13,207,157,55,30,134,18,107,64,35,42,77,44,50,1179,63,273,186,27,138,97,3013,99,88,393,527,84,51,17,29,565,30,239,687,129,51,23,123,32,150,25,111,195,98,43,52,82,82,51,3,110,61,138,121,1031,110,254,106,307,31,11,352,492,7,127,236,23,106,55,57,119,90,13,60,64,121,86,52,83,50,1771,198,109,386,40,236,703,82,159,71,94,97,122,440,82,148,50
C,M,Cut,Root,27,4,1,1018518.51851852,1,0.27,19,55,29,43,153,129,0,41,184,34,65,45,47,54,149,115,15,15,186,64,71,25,75,45,261,372,41,196,100,90,167,24,354,20,119,107,317,72,279,76,70,64,46,69,489,88,28,47,401,132,120,411,41,79,23,161,201,99,37,63,166,250,122,452,102,26,102,187,1001,110,172,674,232,94,67,183,150,257,526,78,66,77,110,63,77,145,27,273,145,34,41,54,66,77,71,50,68,542,139,74,59,1753,1623,50,463,45,44,619,70,95,24,99,62,78,143,585,87,45,108,406
C,M,Cut,Root,27,4,1,475000,1,0.22,1,2,3,1,5,1156,0,1,3,0,5,1,1,2,5,11,2,1,2087,4,417,886,577,1,5,3,171,2,2,31,118,0,28,0,2,15994,744,3,6,2,112,1,1,3,866,2,0,740,2,1071,4,5,1,0,511,0,1,2,3,7,6,4,7,10,12,5,7,4,14,3,1,4,4,2624,4,0,1,40,3,10,3,2,941,2,1,1,0,8,5,2,591,425,2,882,1,0,0,38,4,0,3,4,3,40,7,3,4,3,3,815,1,5,10,5,6,2,5,816,4,2
C,M,Cut,Root,27,4,0,5267857.14285714,1,0.28,4,17,24,2,7,26,0,1,1690,7,677,15,278,13,25,287,12,10,7,8,40,5,13,2,20,315,50,104,53,11,59,19,689,9,357,55,24,8,6,31,297,33,13,53,226,473,9,13,13,1901,5,5053,16,40,12,9,1753,31,6,65,43,175,12,60,27,271,15,478,44,130,6,65,58,227,511,643,60,271,66,35,469,100,55,11,122,24,19,12,21,73,194,26,6,30,10,23,6,9,155,3,5,31,6,3,51,13,2,57,52,1095,24,2,305,37,7,4,34,35,12,183
B,H,Cut,Root,27,11,0,271739.130434783,1,0.23,59,190,82,69,84,133,0,68,316,113,94,196,70,75,115,857,101,307,282,250,206,66,206,56,179,281,86,564,91,101,95,38,81,28,143,230,128,121,123,216,523,350,86,173,175,383,200,54,114,120,119,476,631,89,76,158,141,221,216,223,199,140,248,268,454,175,216,142,263,316,579,195,509,101,109,161,154,473,125,140,70,562,185,88,127,3284,59,214,120,121,639,88,88,81,111,209,92,86,178,212,69,545,171,68,275,1643,145,371,112,158,590,91,186,121,146,114,332,187,611,216
B,H,Cut,Root,27,11,0,186781.609195402,1,0.36,81,136,242,431,133,180,0,112,92,72,185,91,297,117,144,718,204,56,344,179,737,87,419,59,191,575,132,280,193,189,198,279,145,35,524,239,263,127,105,299,542,97,195,205,255,173,137,134,222,224,116,820,214,135,173,123,132,268,214,1376,228,194,266,509,812,213,397,347,525,126,243,160,239,207,296,230,324,178,289,6624,161,209,127,128,134,107,75,117,144,190,136,135,83,139,168,59,73,112,271,132,191,677,203,69,903,106,64,627,96,395,111,288,164,395,259,147,511,227,241,131
B,H,Cut,Root,27,11,1,11015325.6704981,1,0.36,392,137,149,47,148,66,0,46,56,55,30,36,209,60,24,306,60,14,55,960,59,3579,50,14,51,699,43,1796,23,175,90,44,42,8,37,1023,219,32,97,57,220,88,49,74,308,81,239,946,961,42,3598,51,205,999,108,60,41,206,36,63,549,203,1024,625,50,849,949,103,484,64,41,1443,99,108,82,183,290,76,93,661,453,39,39,226,36,28,15,244,70,49,283,32,120,25,32,22,20,60,31,40,25,169,23,618,55,182,490,89,1808,646,53,34,73,56,157,25,32,110,33,981
B,H,Cut,Root,27,11,0,14655172.4137931,1,0.4,189,292,60,130,89,284,0,90,147,158,143,381,140,312,569,639,180,316,336,156,177,59,240,115,191,253,105,155,109,155,270,89,131,42,688,153,326,259,179,146,306,93,123,172,180,112,557,84,131,168,102,119,171,156,85,132,128,458,332,252,244,128,170,115,261,255,155,184,243,459,150,138,161,349,183,164,249,146,247,415,152,458,124,167,89,125,75,148,147,119,230,181,174,111,89,44,130,179,283,134,118,1083,115,103,195,94,92,221,106,318,125,123,118,117,150,144,366,230,843,237
C,M,Intact,Root,27,7,0,3488.37209302326,1,0.43,1,7,0,10,10,9,0,5,6,7,10,4,0,2,0,39,4,8,2,2,60,4,33,2,22,45,4,7,4,6,0,25,1,0,8,17,11,9,17,6,19,1,0,5,21,0,1,0,12,2,10,46,3,13,7,15,26,4,121,37,13,3,2,15,16,26,32,11,32,5,6,3,7,8,2,6,1,6,62,7,4,1,0,1,3,1,0,12,3,3,6,1,0,8,22,0,0,8,16,2,16,24,17,7,225,19081,4,49,5,11,19,7,1,29,10,10,20,0,34,3
C,M,Intact,Root,27,7,1,601595006.934813,1,0.28,1,0,1549,0,0,0,0,1,0,2068,0,0,1,0,595,4,0,0,1,2,4,0,1,1,435,5,0,1,2,1,1,1,0,0,0,2,2,1,0,0,0,36,1,0,3150,0,0,912,1,554,0,152,2162,0,197,424,0,1,1,1562,1438,1,3252,801,67,5314,458,2,1,0,0,54,1578,0,0,2,3,527,2,1528,0,2042,0,594,0,1,0,2,2,0,0,1,0,2,2,52,0,1,0,1,0,1,1,1175,170,798,614,1,1,0,0,0,2,2,0,0,1,1,0,1
C,M,Intact,Root,27,7,1,20564516.1290323,1,0.31,0,0,1,0,1,0,0,0,0,0,0,1,0,1,0,2,0,0,0,0,2,0,1,0,0,1,1,0,0,0,0,15,1,0,0,0,0,0,0,0,0,0,0,0,2,0,0,0,0,1,0,0,2,1,2,0,0,0,50,1,0,0,1,0,1,0,0,1,1,1,0,1,1,2,1,0,1,0,0,1,1,1,0,0,0,1,0,1,1,0,0,0,0,0,2,0,0,1,0,0,0,0,0,1,3,9827,0,0,1,0,0,0,0,0,0,1,0,1,0,1
C,H,Cut,Root,27,10,0,17807539.6825397,1,0.28,3,19,41,23,14,17,0,18,19,22,17,12,30,32,11,117,31,3,30,28,137,10,60,9,28,159,8,35,29,6,42,1172,74,3,91,51,24,51,17,35,109,22,44,33,4932,45,14,29,47,40,16,141,37,421,28,81,19,94,50,215,49,79,82,125,130,104,72,60,122,10,39,31,36,2015,77,19,32,21,44,37,20,29,14,44,22,90,11,4054,34,140,22,34,148,9300,23,16,28,89,62,19,17,107,42,17,174,46,546,100,25,67,6,28,19,80,58,27,61,58,26,34
C,H,Cut,Root,27,10,0,24271844.6601942,1,0.49,6,1,10,4,3,24,0,12,10,2,46,4,1,63,2,36,17,11,3,17,6,5,170,9,36,8,6,5,7,37,21,11,88,1,11,8,4,4,6096,13,27,1010,9,39,33,68,2,31,132,7,80,14,16,10,2,6,11,5765,137,597,45,47,10,1277,12,48,38,3897,12,29,29,802,9,70,5,448,37,226,4,9,32,11125,20,238,24,31,0,4613,30,32,11,4507,8,26,93,8,88,41,11,3,12,39,17,9,132,18,9,14,8,39,2694,7,19,11,5,12,41,11,6,13
C,H,Cut,Root,27,10,0,10821759.2592593,1,0.48,61,71,7,5,143,27,0,354,13,41,105,110,231,9,65,1296,104,337,35,23,243,191,29,9,46,1068,28,13,9,10,245,24,255,21,356,77,20,157,244,30,78,39,11,24,15,31,6,13,29,64,234,166,1339,44,290,98,29,49,35,491,77,57,167,29,940,165,120,52,787,87,18,111,365,55,39,27,18,196,21,84,15,15,13,257,27,8,19,286,23,152,141,473,713,39,84,16,6,27,76,68,241,360,65,6,670,41,61,1119,28,814,82,13,92,242,358,67,37,236,424,26
C,H,Cut,Root,27,10,1,2010638.29787234,1,0.47,25,35,70,33,27,387,0,29,63,195,204,75,54,22,189,298,53,67,111,155,234,30,100,39,196,798,87,63,76,376,205,165,34,15,160,103,703,71,33,270,187,33,139,2405,154,93,298,100,64,234,86,1545,336,57,463,183,274,141,137,398,205,109,142,496,176,86,141,258,191,35,135,410,57,45,129,94,74,142,219,83,72,183,189,53,35,38,35,65,137,238,42,48,431,118,36,68,32,12,105,142,54,229,86,283,243,31,31,196,223,137,25,239,410,296,287,51,184,112,71,203
C,H,Cut,Root,27,10,0,1237179.48717949,1,0.39,1,1941,3,6,1,1726,0,1,2,0,2,1669,0,1,1,2,23,0,1,0,3,1,1,0,5,7,0,2,1684,0,2,4,0,1833,2462,1,1,1,57,43,4,1,1,0,4,27,3,23,0,1,15,6,0,2,43,8,3,4,6,7,9,1,9,3,3,698,9,3,32,4,1,1,0,3,1,2,2,2,41,23,3,2,2,0,2,0,1,1,15111,1,1,0,0,4,425,0,1,1,1,1,52,1547,57,0,18,14,1,1,2,7,53,4,5924,5,2,1,1,1,1,0
C,H,Cut,Root,27,10,1,1181372.54901961,1,0.51,134,153,69,1352,121,1004,0,538,93,52,583,66,97,60,136,497,90,76,163,102,204,97,134,134,192,215,79,141,92,138,231,87,99,36,266,187,368,81,162,175,93,85,320,162,267,1047,99,90,455,145,90,209,232,117,135,133,814,173,184,283,171,1018,213,144,235,862,168,169,226,147,189,172,268,183,131,297,375,105,322,186,465,216,104,216,185,120,71,102,335,148,144,148,106,127,708,81,105,130,131,197,109,254,143,110,188,163,124,172,119,189,129,140,141,188,155,159,222,204,341,129
C,H,Cut,Root,27,10,0,1069444.44444444,1,0.36,357,73,435,191,198,42,0,103,247,18,4523,33,25,54,19,488,192,20,44,204,46,77,153,236,252,4913,259,328,187,283,261,44,162,35,69,334,952,194,25,85,151,297,370,298,560,197,275,49,314,243,278,560,278,388,110,41,391,218,5090,74,154,124,132,187,262,1250,174,136,242,1842,339,281,278,617,174,90,204,169,215,219,168,1076,214,176,36,291,200,54,178,253,79,103,243,286,203,1456,91,129,303,235,401,2866,49,403,458,96,257,425,703,141,325,522,324,58,126,591,319,130,58,535
C,H,Cut,Root,27,10,0,213541.666666667,1,0.48,17,3,3,37,3,12,0,8,2,4,37,5,27,2,1,26,6,2,13,56,337,3,39,0,41,23,20,15,25,7,248,3,15,3,38,17,15,26,5,15,54,2,15,13,14,2,16,2,7,13,24,36,4,131,1,33,12,37,12,93,16,190,39,164,27,4,5965,17,83,16,162,4,10,57,17,21,12,9,28,10,152,14,81,7,182,8,0,29,10,44,6,17,3,17,10,8363,9506,352,5,5,6,716,181,26,53,36,19,30,8,552,4,127,4,24,204,8,9,5,39,5
A,M,Cut,Root,32,3,1,27708333.3333333,1,0.12,32,47,38,16,12,47,0,40,28,8,48,19,18,10,44,218,48,106,67,27,47,16,20,6,69,19,70,366,31,21,21,256,21,25,9912,26,54,44,25,24,362,34,19,785,21463,32,125,43,29,29,9,22,47,31,16,18,189,25,22,72,86,42,37,26,36,32,30,36,63,26,25,34,25,54,35,52,62,54,54,42,31,22,29,154,51,20,22,21,99,37,4436,29,15,171,24,8,41,27,28,59,100,79,40,15,160,29,16,42,32,76,46,96,38,35,57,42,87,16,56,36
A,M,Cut,Root,32,3,1,646666.666666667,1,0.15,94,175,125,306,136,708,0,291,193,196,240,183,365,63,473,30279,1000,95,429,400,681,996,164,181,2376,541,629,458,232,209,202,87,150,30,284,236,379,166,661,573,304,244,590,325,417,430,150,245,189,544,159,533,482,4027,310,278,986,278,212,561,349,691,419,153,756,457,487,868,443,391,594,2312,292,2671,193,625,2614,276,505,773,289,297,209,594,2794,498,269,217,293,276,739,366,411,631,181,904,391,158,297,623,479,5024,213,467,621,279,165,622,388,417,2774,361,770,296,526,358,613,429,421,357
A,M,Cut,Root,32,3,1,18750000,1,0.18,193,21,83,58,10,42,0,23,20,4889,4384,63,20,9,71,4674,39,4,60,56,126,1885,16,64,835,37,22,31,77,106,11,13,5330,1576,5549,31,36,26,57,11,117,599,4642,33,103,870,56,3393,15,34,384,1304,30,16,4,20,250,14,31,36,174,59,121,4722,46,299,350,33,5720,21,8,25,10,572,523,67,144,2247,135,8,67,23,27,10,47,10,6,10,789,250,23,22,49,8562,191,1176,71,22,49,48,101,3951,41,6944,49,39,48,42,29,221,47,98,178,36,122,3255,106,163,167,6664
A,M,Cut,Root,32,3,1,5218596.0591133,1,0.16,256,209,389,135,149,305,0,729,566,140,683,220,489,660,348,1332,5780,166,756,553,185,191,247,204,230,158,1892,339,376,493,599,274,154,142,357,410,813,692,743,385,437,137,232,492,380,225,216,129,373,1295,197,1025,157,247,271,423,592,390,269,1664,872,702,271,1127,547,200,423,574,528,350,256,2966,441,400,702,705,731,195,504,287,677,794,477,645,265,292,59,262,304,487,543,249,288,1326,952,152,1303,126,481,476,459,725,938,1077,270,277,227,1013,372,619,339,447,1012,349,385,204,2403,100,350,487
A,M,Cut,Root,32,3,1,13906250,1,0.16,431,40,243,165,520,488,0,335,1068,77,359,844,628,148,1255,6600,72,3154,536,179,5586,134,1071,182,173,141,266,267,325,203,321,81,283,309,335,93,369,307,85,411,128,290,1088,487,1192,279,394,72,1508,1819,1661,560,103,193,201,387,790,140,270,766,354,102,115,477,523,276,4402,277,2096,2825,1481,215,439,4993,647,207,700,445,2123,2992,1055,1551,428,238,262,188,35,407,1499,174,730,478,388,600,71,1709,114,1323,469,6342,348,548,775,328,807,267,624,1151,224,278,1254,1422,1019,217,1225,661,399,1087,923,780
A,M,Cut,Root,32,3,1,2013888.88888889,1,0.16,3,4,59,11,0,25,0,5,2,3,23,3,4,12,42,76,4,0,9,163,8,2,4,0,15,12,7,340,10,14,3,0,48,8,18,6,18,5,7,1,8,3,11,42,22,11,5,4,24,7,3,19,7,43,2,29,25,7,37,39,6,12,6,46,8,78,144,70,19,4,170,11,31,20,6,101,20,32,440,10,12,16,331,21,21,10,130,6,10,2,35,5,5,9,6,33,13,3,20,125,22,31,81,11,15,8,18,23,117,19,54256,217,10,9,14,14,55,7,19,7
A,M,Cut,Root,32,3,1,31250000,1,0.1,74,100,99,213,179,257,0,168,220,120,232,103,74,335,210,800,115,54,565,141,435,152,184,175,191,349,93,255,128,131,294,105,196,23,154,290,162,75,133,269,285,194,115,156,210,479,154,75,35,262,98,298,53,339,212,150,100,247,311,214,273,253,302,124,371,87,276,349,708,285,98,322,51,335,121,498,619,277,186,177,234,629,174,295,112,168,165,182,150,234,389,275,232,196,205,60,198,144,323,213,72,476,235,223,380,178,76,138,141,288,142,320,762,552,294,339,20128,132,531,55
A,M,Cut,Root,32,3,1,4812157.02828198,1,0.23,486,428,178,58,221,132,0,261,79,37,79,102,379,66,459,4190,938,72,122,197,78,176,287,175,2165,92,117,86,53,1042,487,183,46,26,2111,886,69,116,1103,144,654,87,110,128,825,1357,154,358,281,673,89,250,86,548,54,93,578,1321,119,3756,110,235,986,230,948,340,174,240,970,775,197,1695,202,196,164,93,2194,613,943,112,413,2777,796,155,124,104,2743,799,169,439,355,458,330,205,768,72,94,179,525,100,1169,491,1974,74,1431,585,260,3031,100,2394,117,151,173,632,687,294,1688,732,882,1247
A,M,Intact,Root,32,4,1,15833333.3333333,1,0.21,164,196,318,124,1001,213,0,20,302,55,150,183,97,34,1273,2370,26,166,1208,841,297,136,144,665,951,156,251,405,1090,1046,784,531,129,188,287,642,201,115,149,510,103,296,877,664,102,650,953,149,119,82,93,392,496,31,363,102,271,371,104,248,2659,1357,112,628,125,4685,162,189,193,812,902,447,714,173,148,44,1784,849,240,534,393,350,85,37,604,2756,447,101,228,1214,1819,749,549,1170,62,174,536,74,1588,692,656,19593,392,63,1485,789,10,407,67,258,1094,1959,1984,382,1063,4082,260,395,381,396
A,M,Intact,Root,32,4,1,47666666.6666667,1,0.15,5,5,42,1,6,245,0,5,5,3,18,1,5,4,32,44,12,5,14233,1280,10,1,10,2,11,11,89,7,6,13,5328,1,0,23,21,9,4,1,7,6,4,34,914,4,18,16,7,4,9,6,7,17,5,11,6,3,10,9,12,8,12,6,8,5268,520,23203,16,7,30,1301,7,9,12,12,11,10,26,4,9,16,1,8,18,3,13,11,4,5,12,12,4539,11,6,13,599,4,25,8,10,1111,5061,42,4,2,22,8,3,16,7,1001,13,58,10,11,25,7,798,13,39,7
A,M,Intact,Root,32,4,1,8421052.63157895,1,0.19,9,3,289,466,83,24,0,23,69,305,12,3,180,1297,305,873,95,23,15,285,44,38,57,58,32,97,25,20,703,28,136,334,144,135,795,27,26,176,155,109,201,170,239,334,42,251,9,5,1499,66,210,30,10,49,387,535,1425,1996,40,96,3438,1011,378,13,21,216,308,53,173,522,20,1897,1485,715,418,783,282,679,346,703,20,271,2252,48,789,287,175,97,17,21,35,25,587,24,2842,29,630,568,17,47,116,278,27,1363,157,439,1235,642,45,482,606,61,449,1013,83,80,181,264,213,42
A,M,Intact,Root,32,4,1,5750000,1,0.2,7,8,35,7,5,74,0,5,72,65,289,2,3,1,25,2376,34,144,6932,16,123,86,595,1,72,2,5,5,5,25078,97,14,2,3,664,114,7,2,11,351,4,41,46,15,55,12,5,43,6,649,15,9,10,6,211,22,17,4,591,251,298,20,233,11,7,21,33,52,560,195,14,9,92,10,4,41,182,7,340,16,5,6,6,35,760,661,1,334,15,77,141,18,143,336,6,1,11,166,896,23,38,138,128,28,53,23,11,184,213,30,184,33,6,4,8,32,61,87,45,335
A,M,Intact,Root,32,4,1,16176470.5882353,1,0.17,4,2,16,1,3,9,0,3,2,1,8,1,1,3,14,18,5,2,9,9,6,1,4,1,11,3,1,4,3,6,4,0,4,0,9,6,4,4,1,7,0,3,7,4,13,6,5,1,2,2,0,4,3,6,1,0,4,5,15,6,7,6,8,4,4,14,6,3,18,5,2,3,3,8,3,1,10,0,9,5,3,3,63513,1,3,4,2,3,3,5,10,6,3,10,3,1,9,2,2,12,19,15,3,1,12,3,3,2,6,15,13,34,1,2,6326,2,21,4,22,5
A,M,Intact,Root,32,4,1,177380.952380952,1,0.21,5,6,35,4,6,29,0,11,3,3,25,5,2,6,38,45,23,3,21,14,12,7,9,0,13,10,4,15,10,12,6,3,10,6,17,10,8505,6,3,6,6,8,15,7,37,17,11,1,3,8,5,19,10,11,4,1038,14,9,6,12,15,10,8,9,7,26,10,7,36,8,9,16,7,11797,14204,7,29,9,19,68,9,11,37,5,14,8,2,9,14,7,12,10,8,15890,6,4,30,2009,10,28,39,31,3,8,29,10,4,20,6,48,31,78,7,7,25,9,67,12,43,9
A,M,Intact,Root,32,4,1,254761.904761905,1,0.21,3,3,40,0,3,18,0,5,5,8,88685,3,3,3,24,44,9,2,16,15,8,30,4,2,13,5,6,8,8,9,4,4,5,1,22,5,126,1,3,10,6,8,7,12,18,17,9,2,5,11,6,10,8,10,5,25,7,5,8,10,8,8,6,10,9,28,11,9,21,7,6,7,7,296,163,6,18,4,7,9,9,15,12,8,11,9,0,1,14,25,7,11,5,182,2,2375,21,57,197,10,23,17,9,8,39,1,4,14,4,21,20,50,5,6,16,5,77,4,32,10
A,M,Intact,Root,32,4,1,39605263.1578947,1,0.19,4,3,31,1,5385,128,0,3,4,11,22,4,136,3,24,53824,92,189,29,17,6,8,10,17,12,49,39,146,12,29,16,7,9,2,15,7,10,52,6,4,3,5,4,15,19,26,4,4,454,5,1,140,5,19,2,7,36,11,9,11,7,7,276,10,7,15255,7,24,30,375,3,696,4,56,16,18,22,142,9,78,19,26,6,53,27,577,5,42,134,11,12,3,3,21,5,8,20,31,161,11,17,29,4,31,19,9,10,13,729,18,279,31,6,212,18,73,71,184,440,14
A,H,Cut,Root,32,7,1,43891585.7605178,1,0.24,47,42,59,18,1311,137,0,196,40,741,66,132,131,174,73,603,117,19,303,259,1245,30,57,37,287,120,36,52,56,170,379,42,141,29,391,136,66,125,176,1288,139,1107,1816,60,3390,220,120,92,159,1002,437,512,254,78,31,40,575,130,598,55,183,100,669,3189,2015,637,65,134,672,2095,88,1069,1447,379,70,332,2031,145,128,149,1345,288,156,241,59,204,37,139,133,1330,303,25,286,213,132,46,644,97,1026,45,585,2702,90,283,234,57,106,1201,349,927,592,2515,1039,189,1053,272,1404,805,147,97
A,H,Cut,Root,32,7,0,12397372.7422003,1,0.3,21,81,134,203,51,123,0,49,43,47,214,21,54,19,237,506,161,26,288,1883,188,56,178,50,121,44,527,302,115,144,326,28,41,19,257,213,246,104,85,218,149,68,87,122,162,106,120,29,135,86,17,138,22,78,44,155,16269,830,87,519,274,83,153,244,80,329,140,1784,435,151,344,104,209,143,436,169,407,226,97,101,47,138,120,794,52,56,26,604,441,142,92,198,126,598,66,18,87,134,2895,10768,151,262,38,27,399,178,186,59,318,237,93,853,123,98,548,810,682,99,225,292
A,H,Cut,Root,32,7,1,39593446.6019417,1,0.32,250,17,139,704,51,1258,0,925,46,5,45,115,44,98,156,948,35,18,95,100,299,348,1121,28,1418,678,18,236,480,75,42,94,291,131,29,59,1643,384,91,117,27,445,29,50,50,70,360,113,177,44,74,557,33,1619,140,59,175,501,400,970,485,50,1612,1267,42,585,202,1044,97,82,302,1490,154,391,79,403,1792,355,112,177,93,185,79,98,90,240,93,24,1180,65,514,1060,384,79,859,16,14272,26,636,898,364,1658,102,72,208,2644,156,2410,52,724,128,1859,659,111,421,270,231,523,702,1174
A,H,Cut,Root,32,7,1,21296586.282493,1,0.31,284,464,196,302,97,2054,0,1377,138,264,685,1165,715,3905,1778,2313,404,379,2283,469,338,579,3115,1086,258,1565,237,250,168,497,1803,878,1643,90,352,345,1416,1362,250,724,307,391,1560,9590,558,1194,254,902,1423,1473,141,585,125,962,150,185,6861,459,924,3382,407,1037,868,1798,4428,569,1452,2613,2201,2098,622,292,285,309,657,991,6467,489,758,830,263,894,1083,293,1149,837,315,285,2017,323,1119,238,889,244,453,73,270,745,345,294,671,2028,402,659,609,469,129,1139,590,410,388,319,866,1167,300,1652,690,757,617,2407
A,H,Cut,Root,32,7,0,4761904.76190476,1,0.28,33,20,63,48,70,76,0,45,51,24,169,42,97,64,42707,2995,104,18,63,66,642,35,84,48,139,56,74,120,437,92,112,69,36,18,127,50,19,28,159,76,31,118,61,78,131,160,229,31,77,50,56,154,90,37,126,169,75,58,54,90,74,143,242,150,141,83,147,94,139,29,80,313,88,83,99,70,287,148,89,54,262,49,38,19,99,96,45,67,108,33,121,49,22,49,50,28,38,48,37,14,122,694,82,55,152,130,114,62,84,139,126,120,76,119,61,94,106,71,86,389
A,H,Cut,Root,32,7,0,46036585.3658537,1,0.41,107,201,220,228,423,427,0,318,461,119,425,296,321,223,305,1949,278,191,674,447,511,146,524,166,397,413,204,366,298,307,537,183,327,80,424,443,315,265,326,358,479,259,399,389,942,585,327,175,348,470,281,450,270,347,195,1108,484,448,647,501,4251,659,500,755,661,455,681,912,904,414,459,685,501,752,619,694,835,410,669,497,538,539,417,506,563,382,135,458,575,1684,770,354,449,379,219,106,225,234,506,563,559,4430,608,238,685,342,252,828,537,765,416,605,761,957,428,477,1066,307,611,425
A,H,Cut,Root,32,7,0,2593750,1,0.32,27,214,79,100,404,275,0,76,58,142,108,46,18,38,166,241,44,37,190,123,780,25,330,118,93,37,108,127,80,86,59,99,25,19,122,92,200,106,52,78,70,44,230,106,213,56,195,74,30,110,54,74,127,76,57,56,259,242,116,131,89,182,210,284,205,72,1046,73,76,112,113,54,87,76,46,293,23999,43,259,88,107,215,270,56,178,245,24,188,161,119,39,100,71,104,437,37,176,111,89,62,132,1199,138,70,367,100,70,181,165,24341,143,156,565,321,606,101,648,166,159,471
A,H,Cut,Root,32,7,1,18851837.8173551,1,0.26,28,2,31,1,6,16,0,3,8,7,22,17,10,9,786,84,8,36,56,10,3506,82,35,80,1599,17,15,15,19,11,9,28,18,2,20,13,12,9,9,16,27,89,48,21,29,182,53,6,522,97,28,75,116,14,7,9,42,25,73,25,75,91,40,39,32,310,22,49,28,2379,243,40,61,118,57,358,170,39,17,15,29,16,32,21,27,12,5,28,12,77,15,26,8,22,26,95,17,28,18,18,20,111,401,49,11807,976,15,92,26,24172,128,26,106,26,24,119,46,40,27,436
B,M,Cut,Root,32,4,1,50125000,1,0.2,41,15,322,77,24,508,0,61,159,51,101,71,83,213,254,1788,57,19,379,345,84,14,67,23,46308,195,178,45,115,34,61,35,22,18,399,91,562,72,779,600,1063,327,56,159,150,117,258,106,173,109,155,129,59,394,234,30,652,195,138,227,192,71,68,86,1412,194,191,55,527,65,219,74,100,107,34,104,729,91,174,67,415,312,192,21,116,320,47,374,147,119,238,187,423,382,345,24,52,35,3220,179,140,171,175,226,87,266,111,246,417,222,394,120,193,50,229,207,186,39,195,586
B,M,Cut,Root,32,4,1,33250000,1,0.2,772,23,102,80,94,457,0,120,157,45,214,95,93,71,345,818,3189,408,196,214,324,101,270,50,2016,389,181,164,290,140,151,163,523,15,475,208,271,170,108,171,95,131,279,213,678,106,393,95,311,305,137,303,207,178,89,1273,703,234,463,156,314,248,115,177,241,457,282,279,204,413,219,438,470,293,258,133,216,1312,646,321,401,220,213,153,857,163,180,67,598,255,173,1976,233,111,268,19,91,135,517,94,330,1409,450,382,174,604,177,297,48,324,261,271,164,336,118,366,830,64,111,375
B,M,Cut,Root,32,4,1,22352941.1764706,1,0.17,17,298,103,36,99,161,0,55,169,141,78,32,41,67,241,475,4001,19,1132,274,144,59,271,34,166,137,200,221,151,1301,77,190,140,46,120,134,78,141,80,112,218,35,547,189,146,214,328,203,71,109,88,73,51,505,107,54,233,890,72,72,649,1022,66,65,234,143,454,6890,6275,44,41,98,362,297,47,302,365,50,400,70,68,631,73,546,653,831,29,164,694,107,165,146,102,281,105,43,123,34,74,122,195,6544,1265,42,69,234,38,77,209,164,60,113,117,87,151,60,669,88,145,288
B,M,Cut,Root,32,4,1,4125615.7635468,1,0.16,841,29,656,37,1575,2052,0,184,71,2628,120,6,50,87,43,99,112,962,48,123,141,13,112,34,369,17,41,240,856,101,127,530,20,5,165,1130,12,75,145,351,84,1038,798,686,143,3527,1642,93,213,830,11,133,16,40,246,125,102,14,5579,604,403,191,88,784,59,795,153,223,2689,674,146,156,1638,1471,672,56,358,203,619,23469,147,1763,1169,1310,225,352,33,256,42,130,53,733,889,66,16,48,46,860,494,2574,917,3676,81,544,227,42,86,357,24,81,84,268,6,1442,136,529,547,93,115,1434
B,M,Cut,Root,32,4,1,6250000,1,0.16,170,576,221,115,79,152,0,179,271,74,233,102,289,214,404,3789,150,43,345,510,224,264,432,371,238,481,177,905,85,178,1153,325,170,116,313,62,291,86,150,862,298,154,292,599,406,685,537,237,90,843,351,656,222,179,190,168,492,306,365,129,306,1162,520,364,452,219,495,607,270,513,126,838,185,777,136,210,406,603,623,167,115,141,309,575,110,231,65,207,349,1198,346,148,382,458,80,93,101,202,135,180,291,2337,306,232,239,288,85,2550,297,2007,431,146,1021,3135,370,219,266,551,1130,167
B,M,Cut,Root,32,4,1,14230769.2307692,1,0.13,11,309,24,23,2,23235,0,17,13,4,9,282,100,5,248,19,16,352,49,17,148,4,34,110,246,188,35,82,432,709,31,120,89,2,11,94,57,208,169,182,180,156,35,329,3571,158,145,15,12,8,57,8,18,483,87,158,37,183,10,164,522,1292,5,254,31,238,107,351,273,87,53,438,212,39,31,99,2138,83,308,291,90,37,40,14,168,6,10,232,451,65,144,647,116,375,34,104,10,3,129,5,276,186,199,14,347,448,70,302,99,232,112,179,47,635,202,108,485,26,90,372
B,M,Cut,Root,32,4,1,4254366.32333184,1,0.11,7,10,35,11,10,24,0,6,9,12,19,4,14,65,25,126,14,7,23,19,14,25,44,11,18,29,1742,228,37,19,21,38,4545,19,87,4658,11,8,14,19,106,82,145,162,6350,5870,4307,7,4842,15,64,9309,66,51,44,24,18,145,85,14,1354,47,8,102,23,107,587,43,67,4004,109,129,41,28,6,28,51,337,13,70,16,123,327,6,25,36,4,8,55,12,155,5369,103,38,91,5,14,12,4511,20,20,154,10,18,4419,29,64,22,447,594,24,42,16,24,15,15,102,24,108,224
B,M,Cut,Root,32,4,1,4289819.37602627,1,0.12,69,81,82,133,116,198,0,155,172,147,164,196,132,61,274,663,16478,97,398,224,21126,86,265,56,124,160,106,161,115,126,185,128,130,50,150,223,106,86,140,182,190,206,147,166,163,299,204,134,124,215,78,188,116,216,220,115,10540,159,221,106,373,2196,227,141,120,261,24217,211,16105,155,171,242,158,133,99,240,401,346,432,227,141,116,236,200,184,264,63,127,185,146,148,187,237,109,86,51,117,112,135,346,263,415,188,85,127,200,90,198,1389,259,103,245,245,127,165,488,288,117,133,81
A,H,Intact,Root,32,11,0,19893899.204244,1,0.26,188,41,324,0,36,5,0,344,4,265,162,929,279,4,5,4465,41,3,778,25,151,818,35,0,1115,994,2,10,9,137,2,837,2,33,760,1302,139,193,4,1554,53,35,492,562,6,90,35,49,781,3,3,4,73,1133,527,713,8,908,1393,1916,338,2,922,2127,1837,12251,3950,5,245,705,46,152,28,78,921,347,3659,70,2,666,756,36,5,2305,362,145,22,1729,194,32,2,3,190,360,1,546,10,7,4,157,567,303,5,394,9,742,1772,468,4,377,1104,3258,4,15,5,2,1215,2,317,0
A,H,Intact,Root,32,11,1,14778325.1231527,1,0.19,2,0,5,0,0,3,0,0,2,2,3,0,0,1,4,4,6,0,2,4,2,2,3,1,1,3,1,3,233,4,0,0,2,1,3,1,6,0,0,0,2,103,2,1,7,5,0,0,0,0,0,2,1,0,3,0,3,0,1,2,5,2,0,2,2,4,1,2,9,161,1,5,1,1,47,2,8,1,0,3,1,2,4,1,1999,1,0,0,4,2,539,0,0,1,0,1,12074,2,0,3,3,2,19,1,7,1,0,0,2,9,2,154,2,1,4,0,61087,2,7,959
A,H,Intact,Root,32,11,1,117410714.285714,1,0.28,120,1,71411,2,0,13,0,2,19,2,11,2,1,2,14,13,7,3,8,7,6,1,3,1,7,4,0,3,4,4,5,0,2,0,6,1,4,2,2,1,5,2,2,44,56,987,3,2,14,8,2,9,2,4,3,4,5,38,8,8,7,5,4,3,7,9,7,5,616,1,2,7,1,5,2,1,2180,6,4,4,4,4,10,4,8,5,3,3,10,3,7,4,8,1,1,365,13,2,3,13,16,12,2,6,10,4,2,1064,4,21,15,32,2,2,1517,5,26,3289,13,4
A,H,Intact,Root,32,11,1,1439393.93939394,1,0.33,24,239,32,0,247,3,0,332,2,3,115,85,295,621,2,1772,249,4,115,411,13,198,286,91,32,262,252,35,62,241,1,557,116,367,243,4,459,248,1,271,424,117,0,151,478,848,170,189,2,92,120,868,47,3,46,64,352,639,155,276,624,275,582,249,266,2856,204,150,357,214,372,269,361,56,228,369,105,623,539,290,224,403,124,487,77,2,224,4,136,121,363,190,453,154,339,7,322,141,369,152,109,295,26,496,157,7,172,448,196,730,395,4,722,139,324,432,478,4,534,443
A,H,Intact,Root,32,11,1,39048.4200408507,1,0.41,12,96,244,2,17,257,0,100,178,72,27,6,17,45,271,251,20,5,50,172,86,71,132,20,171,91,189,580,275,157,49,12,20,6,69,75,121,14,114,36,132,75,159,98,146,429,4201,30,49,26,147,49,70,525,50,101,49,1474,466,90,405,191,64,308,243,1082,51,89,655,377,197,219,503,49,769,85,807,121,103,119,66,107,135,86,45,82,19,22,245,26,38,30,102,57,39,107,69,123,289,17056,68,344,351,15,1616,784,136,320,28,211,33,145,34,93,117,44,393,35,80,19
A,H,Intact,Root,32,11,0,149322.660098522,1,0.48,1,2,17,3,5,5,0,0,1,3,4,1,4,0,5,13,4,2,8,5,5,5,7,69,10,2,31,1,2,6,0,0,2,1,7,6,7,0,2,3,2,0,3,2,7,3011,3,0,2,1,2,5,214,1,2,3,5,2,0,3,4,1,2,9,3,7,4,156,7,1,4,1,1,5,4,2,14,6,3,3,1,4,8,0,2,4,1,3,3,2,3,0,3,4,1,0,4,4,2,5,6,10,1,1,137,4,3,7,0,5129,8,45765,225,5,2,229,24,2,1444,2
A,H,Intact,Root,32,11,0,2522727.27272727,1,0.22,2,1,36,2,8,10,0,3,0,6,23,2,1,6,13,32,8,4,15,8,10,6,5,1,10,12,3,9,2,6,4,3,3,3,20,7,4,3,1,8,2,4,8,5,17,10,4,4,4,4,8894,3,4,15,1,1,13,11,6,8,8,5,7,6,14,8,10,7,61,5,4,12,8,17,9,4,12,4,8,13,8,11,21,4,9,7,5,6,15,10,9,3,6,8,1,3,4,9,7,10,21,18,4,4,27,6,0,13,8,26,17,58,7,7,110761,12,55,5,24,3
A,H,Intact,Root,32,11,0,10500,1,0.3,41,200,1604,56,136,240,1,141,127,47,265,119,336,22,144,606,306,36,202,262,1452,114,505,37,352,1050,68,283,226,137,103,129,124,13,608,271,160,160,62,489,527,86,317,171,315,539,97,107,398,260,292,1133,147,190,227,149,101,528,148,2008,299,429,171,611,1115,465,472,542,1007,159,136,284,243,360,232,316,409,85,324,257,130,345,57,170,274,126,50,188,113,172,185,21,84,64,144,58,401,168,328,241,149,910,440,174,3576,118,68,734,310,661,83,403,219,974,621,2,1784,150,136,99
B,M,Intact,Root,32,4,1,16428571.4285714,1,0.14,50,242,640,403,256,14,0,838,8,21,379,419,1331,759,5752,2796,85,451,1209,218,192,976,2020,110,403,367,474,7943,1543,210,16,27,27,1029,112,1077,301,1645,741,3332,971,934,1082,623,560,2974,797,160,404,450,801,1632,4955,116,3,1742,67,110,49,343,1042,2663,2643,1680,54,12291,332,101,1066,54,1241,547,271,52,1972,1655,476,156,1948,160,1328,1162,883,401,1630,2442,549,694,2312,4619,1451,93,1345,1485,211,742,236,250,1028,412,3552,362,37,2154,1249,123,355,49,24,490,2563,404,895,107,588,3516,1823,291,1693,380
B,M,Intact,Root,32,4,0,9375,1,0.16,0,0,9,1,1,3,0,1,0,3,4,0,1,0,4,7,1,0,0,1,1,1,1,0,6,3,10,46,2,3,2,2,1,0,6,4,5,1,0,1,3,0,1,2,9,37,60,0,1,2,1,5,39,3,0,0,3,3,7,2,3,2,69,6,2,10,1,1,4,4,1,2,1,4,5,0,5,2,2,1,1,5,1,2,0,1,0,0,3898,2,1,4,5,3,3,3,2,0,4,1,15853,8,3,1,7,1,0,5,0,8,5,8,1,3,2,2,6,0,26264,3
B,M,Intact,Root,32,4,1,4371921.18226601,1,0.12,95,289,78,42,27,200,0,15,21,24,21,127,334,78,316,578,90,37,175,231,57,54,207,185,81,1136,90,171,173,323,920,19,8,6,29,47,393,56,325,54,97,166,73,410,615,108,222,349,384,164,141,218,49,62,63,13,68,2,109,100,334,768,640,38,129,12028,566,342,653,386,3,472,154,112,92,139,97,136,23,516,22,8,48,463,42,92,20,75,581,227,302,58,14,199,314,342,40,108,114,88,28,692,1171,148,11,33,362,99,117,2418,30,9,92,5,31,128,236,66,1082,109
B,M,Intact,Root,32,4,1,310937.5,1,0.16,0,1,0,0,0,1,0,0,7,0,2,3,1,1,3,16,13,2,0,0,8,3,5,1,6,1103,1,33,0,4,3,16,3,3,10,5,6,5,24,3,10,5,3,3,6,9,2,1,22,3,162,16,1,16,0,8,3,22,17,7,11,5,11,16,5,30,990,58,27,4,21,46,3,10,4,4,5,4,26,12,3,13,2,9,2,10,8,10,12,7,18,1,0,1,1,3084,13,8,3,3,16846,4,7,1,5,3,4,29,0,5,0,0,11,30,0,23,6,2,1,8
B,M,Intact,Root,32,4,0,7500,1,0.2,0,2,1,3,0,1,0,5,5,0,1,5,3,1586,65,7,5,0,11,3,7,3,4,1,2,1,4,1,1,2,2,6,2,0,9,9,4,7,4,5,4,6,5,242,2,1,3,4,4,8824,4,1,36,11475,79,2,2,17,8,8,8,3,12,3,6,422,427,14,103,2,0,1051,2,94,6,6,10,4,4,4,1,1,5,2,182,3,1,87,12,1,95,4,2,1,210,2,1,1,6,1,11,15,2,0,5,1337,1,885,399,5,4,3,4,1,3,1,0,0,2,4
B,H,Cut,Root,32,7,0,79166666.6666667,1,0.33,0,43,38,80,17,2,0,0,0,163,19,6,5165,1,288,420,8,22,45,7,2,145,1,1,56,25,45,2,27,146,126,32,233,21,28,1889,2,75,490,875,109,1,104,163,6,4,101,49,36,431,15,99,12,151,10,44,7,1,160,9,311,74,2518,16,93,6164,5,127,899,11,2,351,2,99,22,9,162,3,6,8,5,13,1,33,20,11,1,3,2,59,84,20,1,3,28,57,2,81,54,10,121,18,23,71,71,3,193,1,0,3,3,277,87,148,1,95,91,154,3,5
B,H,Cut,Root,32,7,1,22587719.2982456,1,0.19,40,63,2,1072,10,4,0,2657,20,29,14,55,260,1078,825,174,103,16,7,7,82,2,260,6,515,94,10,40,130,120,15,18,6,14,36,99,14,16,32,50,42,50,115,4047,69,10,57,55,1246,110,2677,26,36,30,8,61,124,213,97,75,141,32,60,101,49,506,99,41,44,8,22,21,69,40,19,82,103,217,197,120,67,43,12,51,46,12,7,49,16,47,119,15,100,181,27,20,12,22,44,134,64,2092,1353,3,21,534,69,51,494,537,9,1095,32,77,33,608,81,163,94,8
B,H,Cut,Root,32,7,1,1435714.28571429,1,0.35,49,37,91,81,58,80,0,122,125,85,55,105,72,66,179,994,114,136,106,142,113,72,84,55,98,158,270,92,86,75,114,119,114,35,23114,143,97,56,130,94,122,109,130,191,186,187,145,77,149,206,94,149,75,118,104,98,106,129,135,144,214,203,174,179,127,915,136,145,151,232,97,157,163,191,130,104,132,131,163,201,105,134,74,112,119,88,65,146,104,126,104,103,100,108,196,40,60,135,113,90,118,276,150,63,132,161,64,119,99,143,101,93,133,102,929,91,139,70,147,61
B,H,Cut,Root,32,7,1,9676284.30682618,1,0.28,19,66,20,78,41,88,0,53,16,42,19,31,28,9,8,178,212,238,159,109,25,37,130,63,404,22,1877,164,110,20,100,182,13,4,94,53,27,87,21,43,513,18,213,183,7,111,46,24,6,115,16,101,2568,178,12,70,185,9,80,6216,31,53,152,5,127,706,41,21,277,183,57,29,113,49,106,24,106,34,29,124,33,4730,60,30,57,58,48,44,17,45,185,50,23,6,41,53,12,54,27,17,334,389,3691,25,69,59,23,97,56,68,46,32,121,70,19,43,62,88,95,53
B,H,Cut,Root,32,7,1,39601430.7613694,1,0.19,162,20,203,201,47,394,0,107,277,101,43,136,187,137,82,3081,94,90,336,150,95,130,137,73,184,104,254,369,38,228,110,57,73,53,392,325,170,222,367,269,139,106,852,243,275,230,181,66,747,101,269,261,193,1460,113,92,144,245,340,120,928,281,402,117,770,635,827,415,682,130,52,126,1219,206,279,607,694,137,263,185,98,362,979,83,347,137,89,45,159,118,134,379,178,144,69,76,72,90,258,428,263,1158,129,117,184,27,93,1283,257,400,87,184,187,267,161,32,221,340,120,343
B,H,Cut,Root,32,7,1,3406250,1,0.16,16,183,79,28,87,39,0,164,68,64,112,936,265,22,99,768,429,50,68,338,101,538,1502,47,1294,145,24,189,17,132,173,17,1172,59,28,1338,9,213,493,14,123,89,696,84,124,212,119,167,185,392,9,71,24,211,51,47,138,69,50,38,34,112,136,22,266,264,275,63,46,739,219,119,768,16,21,37,13,250,36,435,424,41,89,266,33,1061,4,52,435,97,282,43,32,58,8,414,13,146,198,146,403,131,19,53,37,451,52,246,13,650,435,620,276,27,29,8,124,329,126,101
B,H,Cut,Root,32,7,0,8055555.55555556,1,0.25,51,14,35,144,41,86,0,14,45,28,499,35,52,23,100,240,200,232,48,82,148,110,72,323,268,59,50,90,125,1027,47,135,50,11,70,30,108,35,56,61,39,841,32,102,55,559,1565,38,38,47,75,97,389,57,72,95,111,72,75,521,1028,231,520,127,84,802,117,198,169,55,86,55,96,78,92,145,185,85,977,429,71,142,92,99,1830,112,34,224,161,2250,3296,99,364,99,138,40,48,66,72,66,64,467,25,121,198,75,29,57,84,69,206,141,146,51,79,27,71,58,303,38
B,H,Cut,Root,32,7,1,4513888.88888889,1,0.28,14,22,19,60,41,356,0,33,222,163,31,549,32,33,229,1558,104,343,1922,61,115,49,33,43,1094,184,156,119,170,33,38,231,205,51,62,156,163,40,118,90,56,112,632,65,125,1459,80,45,917,97,45,62,153,237,26,60,69,41,1268,126,71,28,427,71,1326,832,150,118,91,147,76,99,756,81,5041,249,50,204,372,4965,873,499,39,42,81,53,27,34,206,62,179,83,77,144,160,16,35,443,36,29,58,103,45,60,576,852,140,54,184,570,35,115,147,41,81,56,357,203,142,168
C,M,Cut,Root,32,3,1,76833333.3333333,1,0.15,101,409,235,68,259,167,0,529,85,83,164,57,78,112,104,473,201,104,370,189,171,171,244,103,192,176,165,229,223,372,140,88,223,96,293,215,131,147,394,396,180,176,450,353,305,297,362,123,201,364,148,179,180,290,138,119,181,176,261,281,339,382,406,558,280,326,385,370,442,159,178,450,383,332,238,230,358,129,459,372,205,246,253,110,183,195,185,146,178,106,433,230,410,245,154,69,77,123,325,129,164,316,375,126,347,174,261,309,232,497,145,244,756,322,216,313,715,135,197,186
C,M,Cut,Root,32,3,1,14500000,1,0.2,79,141,105,162,99,149,0,73,123,86,152,159,82,121,181,492,129,68,214,192,235,80,178,120,267,686,106,228,113,168,176,169,182,39,242,288,150,203,163,186,215,166,191,266,427,387,255,114,208,229,98,187,177,211,122,120,140,231,244,150,316,259,213,136,302,518,212,530,384,220,218,416,211,159,263,195,468,180,232,243,134,178,118,179,166,119,77,121,3116,166,122,307,112,150,146,50,88,172,238,84,189,651,147,124,170,132,103,153,230,186,231,410,291,113,150,205,177,122,126,185
C,M,Cut,Root,32,3,1,45357142.8571429,1,0.14,67,99,47,72,38,53,0,88,70,22,41,136,144,169,28,480,71,57,58,411,126,45,330,64,163,156,46,67,210,68,76,212,145,313,522,102,41,127,186,109,169,64,209,137,133,218,174,58,247,190,83,171,225,165,183,245,631,100,96,347,517,841,309,170,78,1754,317,96,133,1019,68,170,81,215,204,286,119,335,577,434,92,228,136,330,67,271,52,311,126,112,167,744,63,32,328,11,42,104,97,146,65,230,97,139,293,128,60,44,41,975,5994,81,466,106,179,55,94,99,153,101
C,M,Cut,Root,32,3,1,17083333.3333333,1,0.18,328,875,48,267,5,7,0,29,14,1,14,4,26,9,11,25,8,1110,7,21,44,153,35,20,68,53,130,81,325,45,14,920,20,1,52,31,38,41,17,220,539,21,94,63,49,1240,60,14,365,225,13,108,9,18,4,10,227,35,11,61,82,13,30,1291,22,380,30,52,39,46,7,21,80,706,62,157,2901,7,739,121,1731,82,9,17,10,7,195,10,62,11,12,13,14,26,164,104,12,86,55,213,24,325,9,16,11,8,194,12,208,130,28,22,31,7,32,6,107,208,18,63
C,M,Cut,Root,32,3,1,1583333.33333333,1,0.1,37,62,47,229,56,70,0,46,125,152,140,43,82,84,183,433,92,83,164,157,120,81,76,468,188,114,198,126,99,82,62,110,167,73,240,1373,147,88,140,151,162,177,306,656,114,92,168,94,327,242,148,96,249,306,132,133,109,232,74,218,588,98,188,83,280,677,204,155,146,92,54,558,375,151,282,93,74,194,200,127,95,145,223,317,358,144,153,86,293,216,96,147,61,72,93,99,64,90,139,172,173,213,165,121,228,103,165,86,85,308,94,101,108,97,252,123,99,108,376,52
C,M,Cut,Root,32,3,1,583333.333333333,1,0.2,6,115,10,230,13,37,0,9,13,16,9,4,284,129,75,94,1291,18,66,47,19,76,25,20,237,43,83,27,34,23,12,84,73,43,41,68,81,106,79,31,18,269,13,196,425,175,30,184,470,186,76,21,64,39,75,30,214,94,181,901,242,50,131,585,162,57,305,410,779,62,11,37,46,125,244,32,86,51,79,232,354,16,30,40,35,20,5,21,23,21,467,18,51,18,15,6,41,134,72,7,18,30,35,48,121,78,37,377,17,87,142,10,262,30,12,33,46,7,16,334
C,M,Cut,Root,32,3,1,397916.666666667,1,0.12,78,44,110,112,7704,34,0,57,134,31,76,175,171,17,37,161,63,37,269,372,124,415,66,626,94,110,54,59,85,70,67,72,107,15,100,74,79,69,94,105,131,62,100,71,79,63,112,33,41,184,43,126,274,452,33,30,23,79,1564,77,135,52,109,120,92,115,47,117,61,102,41,125,136,116,67,152,3714,9708,56,1048,146,390,549,44,83,49,71,122,29,28,87,44,62,29,42,21,54,53,69,87,932,109,67,54,112,61,18,104,21,94,47,27,60,22,17,53,44,80,44,28
C,M,Cut,Root,32,3,1,6428571.42857143,1,0.21,19,50,21,38,18,66,0,64,47,104,64,48,66,314,44,525,42,111,113,47,91,48,51,14,442,103,37,482,80,135,80,35,134,22,129,97,77,76,111,103,69,68,348,321,380,145,499,54,1194,89,40,112,63,86,56,42,80,207,225,66,141,394,175,86,217,78,89,62,1031,114,208,71,561,477,71,97,447,50,221,96,52,87,62,135,66,351,26,22,1799,31,132,30,180,344,71,22,46,49,1547,42,67,96,82,40,46,152,53,101,75,99,68,134,59,70,169,130,174,41,119,39
B,H,Intact,Root,32,11,1,2163793.10344828,1,0.29,0,0,1,1,1,164,0,0,0,2,0,1,2,2,2,3,2,1,3,0,0,1,2,0,1,1,1,2,0,1,0,0,0,0,6,3,1,16160,2,3,0,1,2,1,1,0,1,3,1,2,3,3,0,3,1,1,0,1,1203,3,1,2,1,77,4,6,1,0,2,0,0,1,1,1,4,2,0,2,2,2,1,3,1,0,0,0,1,1,1,2,6,0,0,1,1,0,0,1,1,0,3,2,1,0,4,3,1,1,1,2,3,6,3,1,3,3,4,0,1,0
B,H,Intact,Root,32,11,1,259345.117357288,1,0.34,3,7,0,3,0,1,0,1,1,1,1,1,1,0,4,38,4,5,1,2,4,1,1,1,3,0,0,2,2,12,6,10,3,0,6,4,3,14,6,0,2,0,2,1,2,3,2,18772,1,4,4,3,0,1,0,0,4,2,2,2,3,0,11,3,0,228,3,1,17,15,0,1,5,4,3,2,2,10,2,4,2,3,0,1,2,0,1,10,2,0,8,1,1,0,0,0,3,2,0,1,3,6,0,24,3,4,1,4,1,4,3,2,2,4,2,2,5,0,4,2
B,H,Intact,Root,32,11,0,701923.076923077,1,0.26,1,1,2,3,0,0,0,1,1,0,1,1,3,0,398,4,1,1119,1,1124,0,0,1,0,292,3,252,1,0,6,0,2,1,82,532,668,1,32,0,698,1123,0,4,4,51,5,3,1,1280,3,320,1,0,2,1442,1,1,1,1706,2,4,1,1,2,1,48,4,2,396,0,2,1,0,9,199,3,17,5,903,3,1,956,2,2,1,0,0,248,1,1,70,0,0,1,1,192,3,1,1,0,22,1,1,446,4,1,2,545,0,4,2,3,0,0,0,1,0,1,2,247
C,M,Intact,Root,32,5,1,358620.689655172,1,0.29,15,8,187,45,60,157,0,317,82,74,889,2008,388,95,10,742,56,114,163,20,375,80,391,175,57,199,549,721,549,162,1147,60,35,26,192,661,333,458,275,182,689,64,3390,126,245,108,309,288,122,389,144,136,196,1072,174,13,223,463,96,84,170,187,286,73,921,1150,100,1628,512,194,264,239,198,84,297,223,423,333,526,426,4359,60,61,371,152,30,55,359,533,1251,259,122,142,336,120,203,405,95,1011,1774,533,1583,594,53,1168,2355,78,174,49,214,139,274,286,50,339,141,98,56,243,69
C,M,Intact,Root,32,5,1,72580.6451612903,1,0.31,0,0,0,2,1,611,0,1,1,0,3,0,6,0,0,2,0,0,0,1,1,0,0,0,66,3,0,0,2,3,2,2,3,0,5,6,2,3,1,3,1,1,4,1,2,2903,1,3,4,2,1,2,1,4,1,0,0,1,3,3,3,0,3,0,3,9,2914,3,3,2,2,1,1,2,4,2,2,4,4,5,3,0,1,0,0,0,2,0,0,2,22456,2,0,3,0,0,1,151,1,0,2,4,0,0,4,329,1,3,9,3,2,3,4,0,0,1,3,1,1,2
C,M,Intact,Root,32,5,1,1043865.82219095,1,0.14,19,4,16,34,21,29,0,62,28,14,33,16,3680,38,12,129,10,11,32,155,36,58,17,100,51,304,8,3,203,375,20,20,97,102,455,29,14,20,11,10,13,25,33,77,616,571,57,23,20,29,13,180,13,112,17,12,30,40,205,41,1347,145,21,12,25,325,16,27,40,435,20,3669,13,3549,995,135,77,50,30,157,31,267,128,45,475,26,51,34,44,35,25,16,70,3,23,2,45,28,6,82,39,18,703,357,17,34,332,17,34,27,35,617,3039,493,8,36,34,9,65,31
C,M,Intact,Root,32,5,0,275892.857142857,1,0.28,0,1,125,1,42,124,0,4,991,0,0,1,4,1,1,25,3,2,4,10,1,2,3,1,160,2,3,1,0,4,1,7,1,72,57,3608,1786,666,1,2926,82,1,16,0,147,11,5,62,3,4,3,2,0,539,82,0,1,0,38,291,4,4,153,2,6755,25,7,2,153,2,0,9,1,6,271,0,142,10,227,3,4,50,0,1,0,2,2,1,8,5,7,4,77,1,1,1,1,367,42,38,7,12822,1,1,6,36,1,2,1,5,0,4,2,0,318,166,5,1,3,3
C,M,Intact,Root,32,5,1,964052.287581699,1,0.17,168,801,7,90,133,101,0,14,5,7,6,44,137,5,12,11,187,179,33,4,65,212,287,19,5,83,206,5,11,465,170,5,12,0,1045,190,40,161,966,24,83,18,508,65,23,139,105,312,69,286,59,63,17,356,464,34,28,24,50,348,182,2069,53,26,935,37,56,61,28,314,79,2019,267,180,298,153,21,13,34,8,15,10,734,2,790,8,16,41,14,219,213,18,13,29,324,2,4,42,899,12,73,103,32,0,318,9,7,3,24,241,23,592,75,11,568,30,15,724,67,15
C,M,Intact,Root,32,5,1,378947.368421053,1,0.19,0,0,0,0,2,1,0,0,0,0,1,0,2,2,2,3,3,2,93,2,2,1,3,52,1,5,3,1,1,2,2,49,2,0,9,454,3,8,3,2,2,0,3,4,2,1,6,0,2,25,1,1,1,10,3,1,1,2,0,604,2,3,0,4,2,272,1,5,9,1,0,5,1,3,3,3,2,6,6,13919,4,7,1,1,5,1,0,1,2,2,3,1,3,3,0,132,0,6637,4,5,7,9294,1,0,2,8,5,1,1,2,3,2,0,0,1,4,7,0,2,3
C,M,Intact,Root,32,5,1,39473.6842105263,1,0.19,0,2,1,0,2,1,0,0,0,0,1,1,2,1,1,6,0,0,2,3,0,1,0,1,1,3,1,1,0,5165,2,6,0,2,5,0,1,3,0,2,671,378,3,1,14,2,0,3,2,3,3,135,1,3,1,1,0,1,1,7218,1066,0,1,1,0,9,3,10,3,0,0,732,0,1,2,1,2,0,3,0,1,3,0,1,1,0,1,1,2,2,6,2,0,0,2,0,0,0,2,0,4,4,1,2,3,1,187,2,1,0,0,3,0,2,0,3,0,0,1,1
C,M,Intact,Root,32,5,1,7395833.33333333,1,0.24,0,1,7,1,181,968,0,497,0,0,1,81,6,3,38,692,1,6,2,0,1,1,0,0,44,1,1,192,16,15,1,6,15,1,262,19,84,10,4,3,8,0,1087,52,1,71,1231,0,1042,25,12,1,4,207,2,271,26,980,70,69,128,4,3,332,52,18,3,0,68,1286,7,3,63,3,1,0,3,45,257,136,43,6,181,0,96,9,52,1,3,893,144,5,305,1,51,24,44,53,179,91,586,53,0,0,1594,0,1,4,7,23,913,91,2403,302,0,225,2,4,273,2
C,H,Cut,Root,32,7,0,1446969.6969697,1,0.33,57,153,151,114,87,149,0,161,84,122,244,98,99,147,167,794,148,95,282,143,181,444,207,75,175,253,91,516,200,454,275,94,222,50,217,277,256,893,180,234,253,173,162,251,271,263,189,112,616,581,78,401,146,362,196,106,347,193,247,331,308,640,158,207,251,854,245,349,283,208,199,555,266,789,188,330,307,370,252,283,361,262,170,165,150,385,270,155,150,293,140,128,121,100,87,28,78,97,3814,124,137,941,212,1057,382,172,63,352,122,746,224,158,209,402,155,192,268,108,293,146
C,H,Cut,Root,32,7,1,9031198.6863711,1,0.36,1,0,132,78,516,173,0,107,57,7,9,31,5,104,154,812,64,23,551,130,199,123,658,138,323,411,37,20,79,11,746,72,205,6,81,477,176,240,216,431,315,409,376,396,135,133,37,17,189,363,53,238,76,61,12,22,132,149,15,55,267,270,33,17,166,79,44,263,387,177,92,459,120,260,97,192,758,159,63,65,35,27,117,7,92,156,3,1,525,105,77,599,89,22,147,97,4,76,7,126,25,44,239,24,91,91,15,1825,67,17,149,425,171,411,51,74,376,213,5,6
C,H,Cut,Root,32,7,1,1333333.33333333,1,0.3,72,189,87,247,100,133,0,159,95,91,131,203,113,540,295,2061,149,174,336,275,284,160,229,141,336,1060,609,496,851,221,609,127,199,175,254,416,235,362,397,503,435,311,316,415,338,1737,432,255,330,557,248,427,154,224,127,270,398,304,408,569,512,511,356,533,405,1454,285,652,368,378,161,492,583,192,365,383,946,335,307,315,523,80,184,772,214,242,149,181,368,587,692,306,216,220,79,74,192,99,133,190,231,353,374,80,514,525,203,522,166,217,121,120,463,198,266,264,352,143,585,309
C,H,Cut,Root,32,7,0,984848.484848485,1,0.33,67,17,17,100,45,74,0,189,57,25,85,23,83,17,64,626,85,91,205,57,55,20,69,45,52,78,197,113,257,41,314,25,53,13,332,70,109,148,159,74,67,166,84,98,195,70,63,73,150,91,61,155,50,517,60,42,94,273,101,118,148,89,148,71,128,545,70,82,88,88,181,104,83,141,186,134,108,39,103,160,142,53,39,48,56,32,44,32,50,100,51,27,50,172,33,48,90,128,85,67,192,109,70,29,72,165,104,81,31,72,63,128,63,79,206,68,65,50,156,5451
C,H,Cut,Root,32,7,0,838235.294117647,1,0.34,116,92,58,113,156,105,0,133,108,95,248,102,148,77,66,245,183,65,110,45,71,76,123,44,276,70,96,499,45,61,69,114,109,62,189,200,59,63,179,114,213,425,79,125,440,308,622,183,421,142,44,301,269,254,60,429,193,204,241,65,227,250,283,292,316,420,1192,528,258,219,76,116,121,155,160,286,311,254,231,174,174,204,73,70,165,327,222,253,451,80,72,270,165,143,168,31,85,63,92,61,185,370,143,140,119,99,65,263,40,79,54,108,291,199,99,61,172,54,110,112
C,H,Cut,Root,32,7,1,1750000,1,0.44,87,2,49,147,58,10,0,19,127,64,7,6,16,32,4,36,17,22,17,14,128,142,107,5,15,28,85,7,34,40,298,681,28,8,28,315,208,319,50,42,22,225,95,44,92,64,152,20,262,24,51,44,10,21,34,25,48,47,28,22,11,16,42,15,46,38,272,109,353,23,19,242,146,12,107,17,25,11,44,38,49,28,18,12,24,9,83,58,360,8,14,46,8,47,9,98,100,62,9,278,10,151,33,37,20,118,3324,233,51,21,6,5162,54,17,76,9,35,40,98,69
C,H,Cut,Root,32,7,0,1700000,1,0.25,36,36,102,92,69,103,0,103,75,43,35,52,186,43,95,249,3742,47,148,97,60,71,101,32,117,167,98,138,105,114,93,55,98,32,148,120,123,81,158,134,131,144,119,134,93,77,116,64,70,132,59,70,57,3714,53,135,183,79,163,68,117,106,104,162,149,162,218,150,113,83,77,104,98,161,73,162,129,102,271,148,81,172,81,73,130,68,38,60,123,189,144,63,80,159,95,24,39,72,69,60,86,345,132,84,122,88,2095,147,106,140,131,73,132,162,68,59,112,61,79,85
C,H,Cut,Root,32,7,0,7546296.2962963,1,0.3,36,101,85,78,96,107,0,56,44,43,50,70,108,46,101,470,397,53,109,98,120,55,200,68,113,145,211,160,99,143,140,67,125,38,167,174,292,134,121,170,139,138,247,192,141,137,157,95,226,229,65,139,64,206,74,77,141,163,134,111,216,182,101,157,204,465,260,188,192,134,125,143,138,136,314,248,179,129,210,182,176,270,96,112,93,113,37,105,161,136,6126,100,78,198,55,33,118,65,130,114,80,479,82,67,124,97,683,139,118,127,99,116,152,172,112,113,182,110,127,118
C,H,Intact,Root,32,11,1,96359223.3009709,1,0.2,1,0,0,1,0,6,0,1,0,1,2,0,1,0,1,3,4,0,1,1,0,1,2,1,0,3,0,3,13,1,0,25589,3,1,3,6,0,7,0,4,1,0,1,0,1,1,1,4,0,1,2,1,2,4,1,0,1,0,2,3,0,2,134,0,1,11,1,0,3,1,2,4,2,3,2,0,3,1,2,3,1,6,0,1,1,1,0,0,1,2,3,0,13,0,0,1,1,2,1,2,2,3,1,0,1,2,0,0,0,1,2,4,0,1,1,2,3,0,3,2
C,H,Intact,Root,32,11,0,115207.373271889,1,0.31,1,1,4,3,1,4,2,0,1,2,7,1,1,1,2,29,2,0,3,4,2,1,0,1,7,5,3,1,1,1,1,15,0,1,1,2,9,8,1,2,8,2,0,2,5,3,4,2,1,5,3,0,3,5,0,1,2,4,1,3,1,1,3,1,0,0,2,1,8,0,0,38984,7,1,1,1,6,0,1,2,0,2,2,0,0,0,0,3,0,0,0,2,0,2,0,2,1,0,3,0,1,12,1,0,3,2,7,4,0,21,4,4,0,5,1,1,8,3,4,3
C,H,Intact,Root,32,11,0,11111111.1111111,1,0.36,11,451,26,6,185,2,0,111,6,197,5,23,473,139,99,6622,77,7,289,4,1,9,10,47,389,92,264,7,702,15,71,255,22,8,11,23,327,17,16,875,332,59,26,5,261,413,372,135,3,130,263,41,4,77,87,215,425,5,6,42,251,39,46,4,16,3213,545,138,22,8,21,175,48,4,27,379,412,75,47,2731,7,53,10,316,525,54,32,10,170,127,32,10,122,19,0,120,14,8,46,2,101,46,245,9,53,658,21,940,1386,252,21,1,17,70,8,7,35,123,6,384
C,H,Intact,Root,32,11,0,15092757.5725815,1,0.47,79,122,8,2,1,345,1,209,0,0,2,3,124,1,3,356,1,33,3,4,0,2,2,0,4,12,5,139,2,4,154,123,0,3,0,2,10,1770,10,78,7,71,2,165,27,2,3,135,44,6,7332,62,86,6,27,1,13,171,9,3,5,2,7,20,192,3796,1,2,38,0,0,2,391,433,265,10,62,0,1,8528,0,4,0,0,4,219,1,122,81,0,2,26,13,0,0,133,143,6,15,1,1,43,617,408,30,2,9,484,238,55,2,1,386,12,0,32,1456,10,4,2
C,H,Intact,Root,32,11,0,6539351.85185185,1,0.24,0,2,2,2,1,3,1,1,2,4,2,0,5,0,1,29,1,2,6,3,0,1,1,1,2,4,3,0,0,1,5,5,0,0,0,1,8,7,1,2,2,4,1,2,5,1,2,2,3,3,5,2,1,19899,1,0,5,0,1,4,1,1,0,4,1,2,2,1,3,2,1,3,8,2,0,2,4,0,1,3,1,0,1,2,3,1,0,1,1,1,1,2,1,1,0,1,3,1,3,1,0,3,1,0,5,1,11,1,4,25,0,3,0,4,1,0,5,2,2,2
C,H,Intact,Root,32,11,0,1240196.07843137,1,0.51,0,2,4,0,1,4,0,0,3,1,9,1,1,3,3,26,3,1,5,4,2,0,1,1,8,3,1,2,1,2,1,2,2,0,6,5,4,4625,3,4,1849,1,2,6,8478,5,4,1,0,1,0,6,1,8,1,1,4,6,3,1,0,2,0,2,3,4,4,4,13,2,3,1,7,6,6,1,9,2,3,1,0,0,4,2,0,1,0,2,4,1,2,1,0,5,0,0,2,3,3,4,4,14,1,1,4,2,3,11,2,23,10,3,2,5,2,2,14,0,5,2
C,H,Intact,Root,32,11,0,17674.4186046512,1,0.43,0,2,7,10,7,2,0,2,0,1,8,1,3,5,4,31,1,2,8,8,19,3,4,0,13,3,453,2,5,5,13,10,2,4,4,12,26,11,5,7,14239,1,22,4,12,6,10,26,4,2,20,12,8,5,0,3,14,2,1,5,12,0,4,2,19,9,6,4,15,4,1,5,5,6,9,4,7,9,4767,4,5,6,8,6,2,4,2,8,4,4,492,8,3,5,0,7,9,2,2,2,2,17,7,3,14,1,3,15,2,46,7,13,0,9,5,4,17,1,4,4
